{
    "S(1,1)": {
        "min_db": -24.338713647555927,
        "max_db": -0.9355088424224747,
        "mean_db": -7.990666593869724,
        "return_loss_min_db": 0.9355088424224747,
        "return_loss_max_db": 24.338713647555927,
        "return_loss_mean_db": 7.990666593869724,
        "vswr_min": 1.1292057837639862,
        "vswr_max": 18.587284606101832,
        "vswr_mean": 4.585837526523221,
        "resonant_frequency_ghz": 9.5,
        "resonant_magnitude_db": -24.338713647555927
    },
    "S(2,1)": {
        "min_db": -20.175999202600423,
        "max_db": -0.34240986367792775,
        "mean_db": -4.446569140332775,
        "insertion_loss_min_db": 0.34240986367792775,
        "insertion_loss_max_db": 20.175999202600423,
        "insertion_loss_mean_db": 4.446569140332775,
        "resonant_frequency_ghz": 5.1,
        "resonant_magnitude_db": -20.175999202600423
    },
    "S(1,2)": {
        "min_db": -20.175999202600437,
        "max_db": -0.342409863677986,
        "mean_db": -4.446569140332763,
        "insertion_loss_min_db": 0.342409863677986,
        "insertion_loss_max_db": 20.175999202600437,
        "insertion_loss_mean_db": 4.446569140332763,
        "resonant_frequency_ghz": 5.1,
        "resonant_magnitude_db": -20.175999202600437
    },
    "S(2,2)": {
        "min_db": -17.47976820215894,
        "max_db": -1.0996494568841888,
        "mean_db": -7.147640343646187,
        "return_loss_min_db": 1.0996494568841888,
        "return_loss_max_db": 17.47976820215894,
        "return_loss_mean_db": 7.147640343646187,
        "vswr_min": 1.3085707685118744,
        "vswr_max": 15.818655580503693,
        "vswr_mean": 4.816772477826299,
        "resonant_frequency_ghz": 1.7,
        "resonant_magnitude_db": -17.47976820215894
    }
}