{
  "algorithm": "GA",
  "convergence_history": [
    2.3672601242776783,
    0.380953322430721,
    0.380953322430721,
    0.24235950492370534,
    0.24235950492370534,
    0.24000921155642954,
    0.10759734998417463,
    0.02979641632776686,
    0.02979641632776686,
    0.02979641632776686,
    0.02979641632776686,
    0.021746643252850494,
    0.021746643252850494,
    0.019331577800775906,
    0.019331577800775906,
    0.019331577800775906,
    0.00595661483802032,
    0.00595661483802032,
    0.00595661483802032,
    0.00595661483802032,
    0.00595661483802032,
    0.003015014598230632,
    0.003015014598230632,
    0.003015014598230632,
    0.003015014598230632,
    0.003015014598230632,
    0.0021681859195641583,
    0.0021681859195641583,
    0.0021681859195641583,
    0.0021681859195641583,
    0.0021681859195641583,
    0.0021681859195641583,
    0.0021681859195641583,
    0.0021681859195641583,
    0.0021681859195641583,
    0.0012121808119034273,
    0.0012121808119034273,
    0.0012121808119034273,
    0.0012121808119034273,
    0.0012121808119034273,
    0.001041695344896906,
    0.0006285918116750999,
    0.0006285918116750999,
    0.00045810634466857857,
    0.00045810634466857857,
    0.00045810634466857857,
    0.00045810634466857857,
    0.00045810634466857857,
    0.00045810634466857857,
    0.00045810634466857857,
    0.00045810634466857857
  ],
  "iterations": 50,
  "best_fitness": 0.00045810634466857857
}