{
  "algorithm": "PSO",
  "convergence_history": [
    2.089115507289223,
    0.613874073097875,
    0.2474649412285675,
    0.060083627387651446,
    0.060083627387651446,
    0.01866931435279136,
    0.01866931435279136,
    0.01866931435279136,
    0.01866931435279136,
    0.014322235833487074,
    0.013900906737995182,
    0.013900906737995182,
    0.013900906737995182,
    0.013900906737995182,
    0.00946117268306115,
    0.0080369971659831,
    0.0080369971659831,
    0.0080369971659831,
    0.0080369971659831,
    0.0080369971659831,
    0.0080369971659831,
    0.0080369971659831,
    0.0080369971659831,
    0.0080369971659831,
    0.0080369971659831
  ],
  "iterations": 24,
  "best_fitness": 0.0080369971659831
}